[
    {
        "title": "Trump benåder centrale personer i forsøg på omgørelse af 2020-valget",
        "pubDate": "2025-11-10 07:13:00",
        "link": "https://www.dr.dk/nyheder/seneste/trump-benaader-centrale-personer-i-forsoeg-paa-omgoerelse-af-2020-valget",
        "guid": "urn:dr:umbraco:article:bfd156ff-d23b-4f45-8525-7814481d3c01",
        "author": "",
        "thumbnail": "",
        "description": "",
        "content": "",
        "enclosure": {
            "link": "https://asset.dr.dk/imagescaler01/https://asset.dr.dk/drdk/umbraco-images/piwfj0fn/23292515151392.jpg&amp;w=1200"
        },
        "categories": []
    },
    {
        "title": "Israel anklager Norges statsminister for antisemitisme",
        "pubDate": "2025-11-10 06:41:00",
        "link": "https://www.dr.dk/nyheder/seneste/israel-anklager-norges-statsminister-antisemitisme",
        "guid": "urn:dr:umbraco:article:190c7c13-5385-4745-898e-dd64e9875239",
        "author": "",
        "thumbnail": "",
        "description": "",
        "content": "",
        "enclosure": {
            "link": "https://asset.dr.dk/imagescaler01/https://asset.dr.dk/drdk/umbraco-images/o1po2peu/20251109-202026-l.jpg&amp;w=1200"
        },
        "categories": []
    },
    {
        "title": "Kina dropper havneafgift for amerikanske skibe",
        "pubDate": "2025-11-10 05:22:00",
        "link": "https://www.dr.dk/nyheder/seneste/kina-dropper-havneafgift-amerikanske-skibe",
        "guid": "urn:dr:umbraco:article:a6e41faf-143d-40e4-a7b3-bfba9ce7b311",
        "author": "",
        "thumbnail": "",
        "description": "",
        "content": "",
        "enclosure": {},
        "categories": []
    }
]